sequence_id	sequence	productive	junction	locus	isotype	v_call	j_call	junction_length	np1_length	np2_length	sequence_alignment	d_call	v_sequence_start	v_sequence_end	d_sequence_start	d_sequence_end	j_sequence_start	j_sequence_end	v_germline_start	v_germline_end	d_germline_start	d_germline_end	j_germline_start	j_germline_end	repertoire_id	duplicate_count
seq1A10	GGTGGCTCCTTCAGCAGTAGTAGTTACTACTGGGGCTGGATCCGCCAGCCCCCAGGGAAGGGGCTGGAGTGGATTGGGAGTATCTATTATAGTGGGAGCACCTATTACAACCCGTCCCTGAAGAGTCGAGTCACCATATCCGTAGACACGTCCAAGAACCAGTTCTCCCTGAAGCTGACCTCTGTGACCGCCGCAGACACGGCTGTGTATTACTGTGCGAGGTTTAATTCAGCCGCTGTGGGTCTTCCCATGACACGAGGGGGTGACTACTGGGGCCAGGGAACCCTGGTCACCGTCTCCTCAG	TRUE	TGTGCGAGGTTTAATTCAGCCGCTGTGGGTCTTCCCATGACACGAGGGGGTGACTACTGG	IGH	hIGHM	Homsap IGHV4-39*01 F	Homsap IGHJ4*02 F	60	8	23	..............................................................................GGTGGCTCCTTCAGC......AGTAGTAGTTACTACTGGGGCTGGATCCGCCAGCCCCCAGGGAAGGGGCTGGAGTGGATTGGGAGTATCTATTATAGT.........GGGAGCACCTATTACAACCCGTCCCTGAAG...AGTCGAGTCACCATATCCGTAGACACGTCCAAGAACCAGTTCTCCCTGAAGCTGACCTCTGTGACCGCCGCAGACACGGCTGTGTATTACTGTGCGAGGTTTAATTCAGCCGCTGTGGGTCTTCCCATGACACGAGGGGGTGACTACTGGGGCCAGGGAACCCTGGTCACCGTCTCCTCAG	Homsap IGHD2-2*01 F	175	470	479	489	513	553	1	317	19	29	8	48	CL	1
seq1A12	GGTGGCTCCATCAGTAGTTACTACTGGAGCTGGATCCGGCAGCCCCCAGGGAAGGGACTGGAGTGGATTGGGTATATCTATTACAGTGGGAGCACCAACTACAACCCCTCCCTCAAGAGTCGAGTCACCATATCAGTAGACACGTCCAAGAACCAGTTCTCCCTGAAGCTGAGCTCTGTGACCGCTGCGGACACGGCCGTGTATTACTGTGCGAGAGTAGGGGGTTCGGGGAGTTATTTAGACGACAATGCTTTTGATATCTGGGGCCAAGGGACACTGGTCACCGTCTCCTCAG	TRUE	TGTGCGAGAGTAGGGGGTTCGGGGAGTTATTTAGACGACAATGCTTTTGATATCTGG	IGH	hIGHM	Homsap IGHV4-59*01 F	Homsap IGHJ3*02 F	57	5	9	..............................................................................GGTGGCTCCATC............AGTAGTTACTACTGGAGCTGGATCCGGCAGCCCCCAGGGAAGGGACTGGAGTGGATTGGGTATATCTATTACAGT.........GGGAGCACCAACTACAACCCCTCCCTCAAG...AGTCGAGTCACCATATCAGTAGACACGTCCAAGAACCAGTTCTCCCTGAAGCTGAGCTCTGTGACCGCTGCGGACACGGCCGTGTATTACTGTGCGAGAGTAGGGGGTTCGGGGAGTTATTTAGACGACAATGCTTTTGATATCTGGGGCCAAGGGACACTGGTCACCGTCTCCTCAG	Homsap IGHD3-10*01 F	177	468	474	489	499	546	1	319	11	26	3	50	CL	1
seq1B1	GGTTACACCTTTACCAGCTATGGTATCAGCTGGGTGCGACAGGCCCCTGGACAAGGGCTTGAGTGGATGGGATGGATCAGCGCTTACAATGGTAACACAAACTATGCACAGAAGCTCCAGGGCAGAGTCACCATGACCACAGACACATCCACGAGCACAGCCTACATGGAGCTGAGGAGCCTGAGATCTGACGACACGGCCGTGTATTACTGTGCGAGGGGCGGCAGTGGCTGGTACTATGACTTCGTAGAACATGACTACTGGGGCCAGGGAACCCTGGTCACCGTCTCCTCAG	TRUE	TGTGCGAGGGGCGGCAGTGGCTGGTACTATGACTTCGTAGAACATGACTACTGG	IGH	hIGHM	Homsap IGHV1-18*01 F	Homsap IGHJ4*02 F	54	5	17	..............................................................................GGTTACACCTTT............ACCAGCTATGGTATCAGCTGGGTGCGACAGGCCCCTGGACAAGGGCTTGAGTGGATGGGATGGATCAGCGCTTAC......AATGGTAACACAAACTATGCACAGAAGCTCCAG...GGCAGAGTCACCATGACCACAGACACATCCACGAGCACAGCCTACATGGAGCTGAGGAGCCTGAGATCTGACGACACGGCCGTGTATTACTGTGCGAGGGGCGGCAGTGGCTGGTACTATGACTTCGTAGAACATGACTACTGGGGCCAGGGAACCCTGGTCACCGTCTCCTCAG	Homsap IGHD6-19*01 F	177	469	475	488	506	546	1	317	8	21	8	48	CL	1
seq1B5	GGTGGGTCCTTCAGTGGTTACTACTGGAGCTGGATCCGCCAGCCCCCAGGGAAGGGGCTGGAGTGGATTGGGGAAATCAATCATAGTGGAAGCACCAACTACGACCCGTCCCTCAAGAGTCGAGTCACCATATCAGTAGACACGTCCAAGAACCAGTTCTCCCTGAAGCTGAGCTCTATGACCGCCGCGGACACGGCTGTGTATTACTGTGCGAGATCCTATAGTAGTGTGCCGCGACACGTTTTCCGCCTTGACTACTGGGGCCAGGGAACCCTGGTCACCGTCTCCTCAG	TRUE	TGTGCGAGATCCTATAGTAGTGTGCCGCGACACGTTTTCCGCCTTGACTACTGG	IGH	hIGHM	Homsap IGHV4-34*01 F	Homsap IGHJ4*02 F	54	4	21	..............................................................................GGTGGGTCCTTC............AGTGGTTACTACTGGAGCTGGATCCGCCAGCCCCCAGGGAAGGGGCTGGAGTGGATTGGGGAAATCAATCATAGT.........GGAAGCACCAACTACGACCCGTCCCTCAAG...AGTCGAGTCACCATATCAGTAGACACGTCCAAGAACCAGTTCTCCCTGAAGCTGAGCTCTATGACCGCCGCGGACACGGCTGTGTATTACTGTGCGAGATCCTATAGTAGTGTGCCGCGACACGTTTTCCGCCTTGACTACTGGGGCCAGGGAACCCTGGTCACCGTCTCCTCAG	Homsap IGHD3-22*01 F	176	466	471	479	501	542	1	318	12	20	7	48	CL	1
seq1C10	GGATTCACCTTCAGTAGCTATGGCATGCACTGGGTCCGCCAGGCTCCAGGCAAGGGGCTGGAGTGGGTGGCAGTTATATCATATGATGGAAGTAATAAATACTATGCAGACTCCGTGAAGGGCCGATTCACCATCTCCAGAGACAATTCCAAGAACACGCTGTATCTGCAAATGAACAGCCTGAGAGCTGAGGACACGGCTGTGTATTACTGTGCGAAAGATCGAGGGGGCAGCAGCTGGAACCGGGGCCACCACTACTACTACGGTATGGACGTCTGGGGCCAAGGGACCACGGTCACCGTCTCCTCA	TRUE	TGTGCGAAAGATCGAGGGGGCAGCAGCTGGAACCGGGGCCACCACTACTACTACGGTATGGACGTCTGG	IGH	hIGHM	Homsap IGHV3-30*03 F,Homsap IGHV3-30*18 F,Homsap IGHV3-30-5*01 F	Homsap IGHJ6*02 F	69	8	7	..............................................................................GGATTCACCTTC............AGTAGCTATGGCATGCACTGGGTCCGCCAGGCTCCAGGCAAGGGGCTGGAGTGGGTGGCAGTTATATCATATGAT......GGAAGTAATAAATACTATGCAGACTCCGTGAAG...GGCCGATTCACCATCTCCAGAGACAATTCCAAGAACACGCTGTATCTGCAAATGAACAGCCTGAGAGCTGAGGACACGGCTGTGTATTACTGTGCGAAAGATCGAGGGGGCAGCAGCTGGAACCGGGGCCACCACTACTACTACGGTATGGACGTCTGGGGCCAAGGGACCACGGTCACCGTCTCCTCA	Homsap IGHD6-13*01 F	175	470	479	492	500	558	1	320	8	21	4	62	CL	1
seq1C11	GGATACACCTTCACTAGCTATGCTATGCATTGGGTGCGCCAGGCCCCCGGACAAAGGCTTGAGTGGATGGGATGGATCAACGTTGGCAATGGTAACACAAAATATTCACAGAAGTTCCAGGGCAGAGTCACCATTACCAGGGACACATCCGCGAGCACAGCCTACATGGAGCTGAGCAGCCTGAGATCTGAAGACACGGCTGTGTATTACTGTGCGAGAAACCTATGGTTCGGGGAGTTATTGCCCTTGGGCCTTGACTACTGGGGCCAGGGAACCCTGGTCACCGTCTCCTCAG	TRUE	TGTGCGAGAAACCTATGGTTCGGGGAGTTATTGCCCTTGGGCCTTGACTACTGG	IGH	hIGHM	Homsap IGHV1-3*01 F	Homsap IGHJ4*02 F	54	3	11	..............................................................................GGATACACCTTC............ACTAGCTATGCTATGCATTGGGTGCGCCAGGCCCCCGGACAAAGGCTTGAGTGGATGGGATGGATCAACGTTGGC......AATGGTAACACAAAATATTCACAGAAGTTCCAG...GGCAGAGTCACCATTACCAGGGACACATCCGCGAGCACAGCCTACATGGAGCTGAGCAGCCTGAGATCTGAAGACACGGCTGTGTATTACTGTGCGAGAAACCTATGGTTCGGGGAGTTATTGCCCTTGGGCCTTGACTACTGGGGCCAGGGAACCCTGGTCACCGTCTCCTCAG	Homsap IGHD3-10*01 F	176	469	473	492	504	545	1	318	7	26	7	48	CL	1
seq1D3A	GGAGGCACCTTCAGCAGCTATGCTATCAGCTGGGTGCGACAGGCCCCTGGACAAGGGCTTGAGTGGATGGGAAGGATCATCCCTATCCTTGGTATAGCAAACTACGCACAGAAGTTCCAAGGCAGAGTCACGATTACCGCGGACAAATCCACGAGCACAGCCTACATGGAGCTGAGCAGCCTGAGATCTGAGGACACGGCCGTGTATTACTGTGCGAGAGATTGGGCCCCTGGGGATAGTGGGAGCTACTGGGGCCAGGGAACCACGGTCACCGTCTCCTCAG	TRUE	TGTGCGAGAGATTGGGCCCCTGGGGATAGTGGGAGCTACTGG	IGH	hIGHM	Homsap IGHV1-69*09 F	Homsap IGHJ4*02 F	42	11	0	..............................................................................GGAGGCACCTTC............AGCAGCTATGCTATCAGCTGGGTGCGACAGGCCCCTGGACAAGGGCTTGAGTGGATGGGAAGGATCATCCCTATC......CTTGGTATAGCAAACTACGCACAGAAGTTCCAA...GGCAGAGTCACGATTACCGCGGACAAATCCACGAGCACAGCCTACATGGAGCTGAGCAGCCTGAGATCTGAGGACACGGCCGTGTATTACTGTGCGAGAGATTGGGCCCCTGGGGATAGTGGGAGCTACTGGGGCCAGGGAACCACGGTCACCGTCTCCTCAG	Homsap IGHD1-26*01 F	178	473	485	497	498	535	1	320	1	13	11	48	CL	1
seq1D12	GGATACAGCTTTATCAGCTACTGGATCGCCTGGGTGCGCCAGATGCCCGGGAAAGGCCTGGAGTGGATGGGGATCATCTATCCTGGTGACTCTGATACCAGATACAGCCCGTCCTTCCAAGGCCAGGTCACCATCTCAGCCGACAAGTCCATCAGCACCGCCTACCTGCAGTGGACCAGCCTGAAGGCCTCGGACACCGCCATGTATTACTGTGCGAGGGGGGGTCGAGGAGGTTCGGGGAATCATCAACTATTTGACTACTGGGGCCAGGGAACCCTGGTCACCGTCTCCTCAG	TRUE	TGTGCGAGGGGGGGTCGAGGAGGTTCGGGGAATCATCAACTATTTGACTACTGG	IGH	hIGHM	Homsap IGHV5-51*01 F	Homsap IGHJ4*02 F	54	13	6	..............................................................................GGATACAGCTTT............ATCAGCTACTGGATCGCCTGGGTGCGCCAGATGCCCGGGAAAGGCCTGGAGTGGATGGGGATCATCTATCCTGGT......GACTCTGATACCAGATACAGCCCGTCCTTCCAA...GGCCAGGTCACCATCTCAGCCGACAAGTCCATCAGCACCGCCTACCTGCAGTGGACCAGCCTGAAGGCCTCGGACACCGCCATGTATTACTGTGCGAGGGGGGGTCGAGGAGGTTCGGGGAATCATCAACTATTTGACTACTGGGGCCAGGGAACCCTGGTCACCGTCTCCTCAG	Homsap IGHD3-10*01 F	177	469	483	497	504	546	1	317	11	25	6	48	CL	1
seq1E1B	GGATTCACCTTCAGTAGCTATGCTATGCACTGGGTCCGCCAGGCTCCAGGGAAGGGACTGGAATATGTTTCAGCTATTAGTAGTAATGGGGGTAGCACATATTATGCAAACTCTGTGAAGGGCAGATTCACCATCTCCAGAGACAATTCCAAGAACACGCTGTATCTTCAAATGGGCAGCCTGAGAGCTGAGGACATGGCTGTGTATTACTGTGCGAGAGTGGCGGAGGCAGCAGCTGTTTTTGCCGCCGGTGCTTTTGATATCTGGGGCCAAGGGACACTGGTCACCGTCTCCTCAG	TRUE	TGTGCGAGAGTGGCGGAGGCAGCAGCTGTTTTTGCCGCCGGTGCTTTTGATATCTGG	IGH	hIGHM	Homsap IGHV3-64*01 F	Homsap IGHJ3*02 F	57	8	13	..............................................................................GGATTCACCTTC............AGTAGCTATGCTATGCACTGGGTCCGCCAGGCTCCAGGGAAGGGACTGGAATATGTTTCAGCTATTAGTAGTAAT......GGGGGTAGCACATATTATGCAAACTCTGTGAAG...GGCAGATTCACCATCTCCAGAGACAATTCCAAGAACACGCTGTATCTTCAAATGGGCAGCCTGAGAGCTGAGGACATGGCTGTGTATTACTGTGCGAGAGTGGCGGAGGCAGCAGCTGTTTTTGCCGCCGGTGCTTTTGATATCTGGGGCCAAGGGACACTGGTCACCGTCTCCTCAG	Homsap IGHD6-13*01 F	177	471	480	489	503	549	1	319	8	17	4	50	CL	1
seq1E7	GGATACAGCTTTGCCAGCTACTGGATCGGCTGGGTGCGCCAGATGCCCGGGAAAGGCCTGGAGTGGATGGGGATCATCTATCCTGGTGACTCTGATACCAGATACAGCCCGTCCTTCCAAGGCCAGGTCACCATCTCAGCCGACAAGTCCATCAGCACCGCCTACCTGCAGTGGAGCAGCCTGAAGGCCTCGGACACCGCCATGTATTACTGTGCGAGAGGGCGTATAGCAGCAGCTGATGATGCTTTTGATATCTGGGGCCAAGGGACAACGGTCACCGTCTCCTCAG	TRUE	TGTGCGAGAGGGCGTATAGCAGCAGCTGATGATGCTTTTGATATCTGG	IGH	hIGHM	Homsap IGHV5-51*01 F	Homsap IGHJ3*02 F	48	4	1	..............................................................................GGATACAGCTTT............GCCAGCTACTGGATCGGCTGGGTGCGCCAGATGCCCGGGAAAGGCCTGGAGTGGATGGGGATCATCTATCCTGGT......GACTCTGATACCAGATACAGCCCGTCCTTCCAA...GGCCAGGTCACCATCTCAGCCGACAAGTCCATCAGCACCGCCTACCTGCAGTGGAGCAGCCTGAAGGCCTCGGACACCGCCATGTATTACTGTGCGAGAGGGCGTATAGCAGCAGCTGATGATGCTTTTGATATCTGGGGCCAAGGGACAACGGTCACCGTCTCCTCAG	Homsap IGHD6-13*01 F	177	470	475	489	491	540	1	318	3	17	1	50	CL	1
seq1G10A	GGTTACACCTTTACCAGCTATGGTATCAGCTGGGTGCGACAGGCCCCTGGACAAGGGCTTGAGTGGATGGGATGGATCAGCGCTTACAATGGTAACACAAACTATGCACAGAGGCTCCAGGGCAGAGTCACCATGACCACAGACACATCCACGAGCACAGCCTACATGGAGCTGAGGAGCCTGAGATCTGACGACACGGCCGTGTATTACTGTGCGAGAAAGAGTGGCTGGTACGACCTTGACTACTGGGGCCAGGGAACCCTGGTCACCGTCTCCTTAG	TRUE	TGTGCGAGAAAGAGTGGCTGGTACGACCTTGACTACTGG	IGH	hIGHM	Homsap IGHV1-18*01 F	Homsap IGHJ4*02 F	39	3	0	..............................................................................GGTTACACCTTT............ACCAGCTATGGTATCAGCTGGGTGCGACAGGCCCCTGGACAAGGGCTTGAGTGGATGGGATGGATCAGCGCTTAC......AATGGTAACACAAACTATGCACAGAGGCTCCAG...GGCAGAGTCACCATGACCACAGACACATCCACGAGCACAGCCTACATGGAGCTGAGGAGCCTGAGATCTGACGACACGGCCGTGTATTACTGTGCGAGAAAGAGTGGCTGGTACGACCTTGACTACTGGGGCCAGGGAACCCTGGTCACCGTCTCCTTAG	Homsap IGHD6-19*01 F	179	472	476	485	486	533	1	318	10	19	1	48	CL	1
seq5A2	GGATTCACCTTTGATGATTATGCCATGCACTGGGTCCGGCAAGCTCCAGGGAAGGGCCTGGAGTGGGTCTCAGGTATTAATTGGAATAGTGGTAGCATAGGCTATGCGGACTCTGTGAAGGGCCGATTCACCATCTCCAGAGACAACGCCAAGAACTCCCTGTATCTGCAAATGAACAGTCTGAGAGCTGAGGACACGGCCTTGTATTACTGTGCAAAAGGGAGAGAGTGGCTGGCCCATGGGGTGGAGTACTGGGGCCAGGGAACCCTGGTCACCGTCTCCTCAG	TRUE	TGTGCAAAAGGGAGAGAGTGGCTGGCCCATGGGGTGGAGTACTGG	IGH	hIGHM	Homsap IGHV3-9*01 F	Homsap IGHJ4*02 F	45	0	13	..............................................................................GGATTCACCTTT............GATGATTATGCCATGCACTGGGTCCGGCAAGCTCCAGGGAAGGGCCTGGAGTGGGTCTCAGGTATTAATTGGAAT......AGTGGTAGCATAGGCTATGCGGACTCTGTGAAG...GGCCGATTCACCATCTCCAGAGACAACGCCAAGAACTCCCTGTATCTGCAAATGAACAGTCTGAGAGCTGAGGACACGGCCTTGTATTACTGTGCAAAAGGGAGAGAGTGGCTGGCCCATGGGGTGGAGTACTGGGGCCAGGGAACCCTGGTCACCGTCTCCTCAG	Homsap IGHD5-12*01 F	177	471	472	484	498	537	1	319	3	15	9	48	CL	1
seq5A4	GGTGGCTCCATCAGCAGTAGTAGTTACTACTGGGGCTGGATCCGCCAGCCCCCAGGGAAGGGGCTGGAGTGGATTGGGAGTATCTATTATAGTGGGAGCACCTACCACAACCCGTCCCTCAAGAGTCGAGTCACCATATCCGTGGACACGTCCAAGAAGCAGGTCTCCCTGAAGCTGAGCTCTGTGACCGCCACAGACACAGCTATATACTACTGTGCGAGATCCCTAGATAGGTATAGCAGTGGCTGGCCCCAAACTCCCCATGATGCTTTTGATATCTGGGGCCAAGGGACACTGGTCACCGTCTCCTCAG	TRUE	TGTGCGAGATCCCTAGATAGGTATAGCAGTGGCTGGCCCCAAACTCCCCATGATGCTTTTGATATCTGG	IGH	hIGHM	Homsap IGHV4-39*01 F	Homsap IGHJ3*02 F	69	10	14	..............................................................................GGTGGCTCCATCAGC......AGTAGTAGTTACTACTGGGGCTGGATCCGCCAGCCCCCAGGGAAGGGGCTGGAGTGGATTGGGAGTATCTATTATAGT.........GGGAGCACCTACCACAACCCGTCCCTCAAG...AGTCGAGTCACCATATCCGTGGACACGTCCAAGAAGCAGGTCTCCCTGAAGCTGAGCTCTGTGACCGCCACAGACACAGCTATATACTACTGTGCGAGATCCCTAGATAGGTATAGCAGTGGCTGGCCCCAAACTCCCCATGATGCTTTTGATATCTGGGGCCAAGGGACACTGGTCACCGTCTCCTCAG	Homsap IGHD6-19*01 F	179	475	486	502	517	566	1	318	2	18	1	50	CL	1
seq5B4	GGATTCACCTTTGATGATTATGCCATGCACTGGGTCCGGCAAGCTCCAGGGAAGGGCCTGGAGTGGGTCTCAGGTATTAGTTGGAATAGTGGTAGCATAGGCTATGCGGACTCNGTGAAGGGCCGATTCACCATCTCCAGAGACAACGCCAAGAACTCCCTGTATNTGCAAATGAACAGTCTGAGAGCTGAGGACACGGCCTTGTATTACTGTGCAAAAGATAAGAGCAGCAGCTGGTACGAGGGGAGGTTCCAGCACTGGGGCCAGGGCACCNNGGTCACCGTCTCCTCAG	TRUE	TGTGCAAAAGATAAGAGCAGCAGCTGGTACGAGGGGAGGTTCCAGCACTGG	IGH	hIGHM	Homsap IGHV3-9*01 F	Homsap IGHJ1*01 F	51	2	9	..............................................................................GGATTCACCTTT............GATGATTATGCCATGCACTGGGTCCGGCAAGCTCCAGGGAAGGGCCTGGAGTGGGTCTCAGGTATTAGTTGGAAT......AGTGGTAGCATAGGCTATGCGGACTCNGTGAAG...GGCCGATTCACCATCTCCAGAGACAACGCCAAGAACTCCCTGTATNTGCAAATGAACAGTCTGAGAGCTGAGGACACGGCCTTGTATTACTGTGCAAAAGATAAGAGCAGCAGCTGGTACGAGGGGAGGTTCCAGCACTGGGGCCAGGGCACCNNGGTCACCGTCTCCTCAG	Homsap IGHD6-13*01 F	181	478	481	495	505	547	1	322	7	21	10	52	CL	1
seq5B7	GGTGGGTCCTTCAGTGGTTACTACTGGAGCTGGATCCGCCAGCCCCCAGGGAAGGGGCTGGAGTGGATTGGGGAAATCAATCATAGTGGAAGCACCAACTACAACCCGTCCCTCAAGAGTCGAGTCACCATATCAGTAGACACGTCCAAGAACCAGTTCTCCCTGAAGCTGAGCTCTGTGACCGCCGCGGACACGGCTGTGTATTACTGTGCGAGAGTATTACGATTTCTCCCGGGGGCTTTTGATATCTGGGGCCAAGGGACAATAGTCACCGTCTCTTCAG	TRUE	TGTGCGAGAGTATTACGATTTCTCCCGGGGGCTTTTGATATCTGG	IGH	hIGHM	Homsap IGHV4-34*01 F	Homsap IGHJ3*02 F	45	0	11	..............................................................................GGTGGGTCCTTC............AGTGGTTACTACTGGAGCTGGATCCGCCAGCCCCCAGGGAAGGGGCTGGAGTGGATTGGGGAAATCAATCATAGT.........GGAAGCACCAACTACAACCCGTCCCTCAAG...AGTCGAGTCACCATATCAGTAGACACGTCCAAGAACCAGTTCTCCCTGAAGCTGAGCTCTGTGACCGCCGCGGACACGGCTGTGTATTACTGTGCGAGAGTATTACGATTTCTCCCGGGGGCTTTTGATATCTGGGGCCAAGGGACAATAGTCACCGTCTCTTCAG	Homsap IGHD3-9*01 F	176	467	468	476	488	533	1	319	2	10	5	50	CL	1
seq5C8	GGATTCACCTTCAGTAGTTATGAAATGAACTGGGTCCGCCAGGCTCCAGGGAAGGGGCTGGAGTGGGTTTCATACATTAGTAGTAGTGGTAATACCATATACTACGCAGACTCTGTGAAGGGCCGATTCACCATCTCCAGAGACAACGCCAAGAACTCACTGTATCTGCAAATGAACAGCCTGAGAGCCGAGGACACGGCTGTTTATTACTGTGCGAGCCTAGCTAGTATAGTGGGAGCTACTACGAACTGGTTCGACCCCTGGGGCCAGGGAACCCTGGTCACCGTCTCCTCAG	TRUE	TGTGCGAGCCTAGCTAGTATAGTGGGAGCTACTACGAACTGGTTCGACCCCTGG	IGH	hIGHM	Homsap IGHV3-48*03 F	Homsap IGHJ5*02 F	54	8	1	..............................................................................GGATTCACCTTC............AGTAGTTATGAAATGAACTGGGTCCGCCAGGCTCCAGGGAAGGGGCTGGAGTGGGTTTCATACATTAGTAGTAGT......GGTAATACCATATACTACGCAGACTCTGTGAAG...GGCCGATTCACCATCTCCAGAGACAACGCCAAGAACTCACTGTATCTGCAAATGAACAGCCTGAGAGCCGAGGACACGGCTGTTTATTACTGTGCGAGCCTAGCTAGTATAGTGGGAGCTACTACGAACTGGTTCGACCCCTGGGGCCAGGGAACCCTGGTCACCGTCTCCTCAG	Homsap IGHD1-26*01 F	174	466	475	493	495	543	1	317	2	20	3	51	CL	1
seq5C9	GGATTCACCTTCAGTAGCTATGCTATGCACTGGGTCCGCCAGGCTCCAGGCAAGGGGCTGGAGTGGGTGGCAGTTATATCATATGATGGAAGCAATAAATACTACGCAGACTCCGTGAAGGGCCGATTCACCATCTCCAGAGACAATTCCAAGAACACGCTGTATCTGCAAATGAACAGCCTGAGAGCTGAGGACACGGCTGTGTATTACTGTGCGAGAGGATCCTTCGGCTACACAGTGGTTATCCCTGACTACTGGGGCCAGGGAACCCTGGTCACCGTCTCCTCAG	TRUE	TGTGCGAGAGGATCCTTCGGCTACACAGTGGTTATCCCTGACTACTGG	IGH	hIGHM	Homsap IGHV3-30-3*01 F	Homsap IGHJ4*02 F	48	16	3	..............................................................................GGATTCACCTTC............AGTAGCTATGCTATGCACTGGGTCCGCCAGGCTCCAGGCAAGGGGCTGGAGTGGGTGGCAGTTATATCATATGAT......GGAAGCAATAAATACTACGCAGACTCCGTGAAG...GGCCGATTCACCATCTCCAGAGACAATTCCAAGAACACGCTGTATCTGCAAATGAACAGCCTGAGAGCTGAGGACACGGCTGTGTATTACTGTGCGAGAGGATCCTTCGGCTACACAGTGGTTATCCCTGACTACTGGGGCCAGGGAACCCTGGTCACCGTCTCCTCAG	Homsap IGHD3-22*01 F	176	470	487	495	499	539	1	319	17	25	8	48	CL	1
seq5C10	GGTGGGTCCTTCAGTGGTTACTACTGGAGCTGGATCCGCCAGCCCCCAGGGAAGGGGCTGGAGTGGATTGGGGAAACCAATCATAGTGGAAGCACCAACTACAACCCGTCCCTCAAGAGCCGAGTCACCATATCAGTAGACACGTCCAAGAACCAGTTCTCCCTGAAGCTGAGCTCTGTGACCGCCGCGGACACGGCTGTGTATTACTGTGCGAGAGGCCTAACATCTCCGGGTATAGCAGCAGCTGGCACCATTGACTACTGGGGCCAGGGAACCCTGGTCACCGTCTCATCAG	TRUE	TGTGCGAGAGGCCTAACATCTCCGGGTATAGCAGCAGCTGGCACCATTGACTACTGG	IGH	hIGHM	Homsap IGHV4-34*01 F	Homsap IGHJ4*02 F	57	12	2	..............................................................................GGTGGGTCCTTC............AGTGGTTACTACTGGAGCTGGATCCGCCAGCCCCCAGGGAAGGGGCTGGAGTGGATTGGGGAAACCAATCATAGT.........GGAAGCACCAACTACAACCCGTCCCTCAAG...AGCCGAGTCACCATATCAGTAGACACGTCCAAGAACCAGTTCTCCCTGAAGCTGAGCTCTGTGACCGCCGCGGACACGGCTGTGTATTACTGTGCGAGAGGCCTAACATCTCCGGGTATAGCAGCAGCTGGCACCATTGACTACTGGGGCCAGGGAACCCTGGTCACCGTCTCATCAG	Homsap IGHD6-13*01 F	177	469	482	502	505	546	1	320	1	21	7	48	CL	1
seq5D1	GGATTCACCGTCAGTAGCAACTACATGACCTGGGTCCGCCAGGCTCCAGGGGAGGGGCTGGAGTGGGTCTCAGTTATTTATAGCGGTGGTAACACATACTACGCAGACTCCGTGAAGGGCAGATTCATCATCTCCAGAGACAATTCCAAGAACACGCTGTATCTTCAAATGAACATCCTGAGAGCCGAGGACACGGCTGTGTATTACTGTGCGAGGGGGGACGATTTAGGGTACTTCGATCTCTGGGGCCGTGGCACCCTGGTCACCGTCTCCTCAG	TRUE	TGTGCGAGGGGGGACGATTTAGGGTACTTCGATCTCTGG	IGH	hIGHM	Homsap IGHV3-66*01 F,Homsap IGHV3-66*04 F	Homsap IGHJ2*01 F	39	1	1	..............................................................................GGATTCACCGTC............AGTAGCAACTACATGACCTGGGTCCGCCAGGCTCCAGGGGAGGGGCTGGAGTGGGTCTCAGTTATTTATAGCGGT.........GGTAACACATACTACGCAGACTCCGTGAAG...GGCAGATTCATCATCTCCAGAGACAATTCCAAGAACACGCTGTATCTTCAAATGAACATCCTGAGAGCCGAGGACACGGCTGTGTATTACTGTGCGAGGGGGGACGATTTAGGGTACTTCGATCTCTGGGGCCGTGGCACCCTGGTCACCGTCTCCTCAG	Homsap IGHD3-10*01 F	177	466	468	479	481	528	1	317	16	27	6	53	CL	1
seq5D3	GGATTCACCGTCAGTAGCAACTACATGACCTGGGTCCGCCAGGCTCCAGGGGAGGGGCTGGAGTGGGTCTCAGTTATTTATAGCGGTGGTAACACATACTACGCAGACTCCGTGAAGGGCAGATTCATCATCTCCAGAGACAATTCCAAGAACACGCTGTATCTTCAAATGAACATCCTGAGAGCCGAGGACACGGCTGTGTATTACTGTGCGAGGGGGGACGATTTAGGGTACTTCGATCTCTGGGGCCGTGGCACCCTGGTCACCGTCTCCTCAG	TRUE	TGTGCGAGGGGGGACGATTTAGGGTACTTCGATCTCTGG	IGH	hIGHM	Homsap IGHV3-66*01 F,Homsap IGHV3-66*04 F	Homsap IGHJ2*01 F	39	1	1	..............................................................................GGATTCACCGTC............AGTAGCAACTACATGACCTGGGTCCGCCAGGCTCCAGGGGAGGGGCTGGAGTGGGTCTCAGTTATTTATAGCGGT.........GGTAACACATACTACGCAGACTCCGTGAAG...GGCAGATTCATCATCTCCAGAGACAATTCCAAGAACACGCTGTATCTTCAAATGAACATCCTGAGAGCCGAGGACACGGCTGTGTATTACTGTGCGAGGGGGGACGATTTAGGGTACTTCGATCTCTGGGGCCGTGGCACCCTGGTCACCGTCTCCTCAG	Homsap IGHD3-10*01 F	184	473	475	486	488	535	1	317	16	27	6	53	CL	1
seq5D4	GGTGGCTCCATCAGCAGTGGTAGTTACTACTGGAGCTGGATCCGGCAGCCCGCCGGGAAGGGACTGGAGTGGATTGGGCGTATCTATACCAGTGGGGGCACCAACTACAACCCCTCCCTCAAGAGTCGAGTCACCATATCAGTAGACACGTCCAAGAACCAGTTCTCCCTGAAGCTGAGCTCTGTGACCGCCGCAGACACGGCCGTGTATTACTGTGCGGCTTATTACTATGGTTCGGGGAGTTATTTTGGACAGGACTTTGACTACTGGGGCCAGGGAACCCTGGTCACCGTCTCCTCAG	TRUE	TGTGCGGCTTATTACTATGGTTCGGGGAGTTATTTTGGACAGGACTTTGACTACTGG	IGH	hIGHM	Homsap IGHV4-61*02 F	Homsap IGHJ4*02 F	57	3	9	..............................................................................GGTGGCTCCATCAGC......AGTGGTAGTTACTACTGGAGCTGGATCCGGCAGCCCGCCGGGAAGGGACTGGAGTGGATTGGGCGTATCTATACCAGT.........GGGGGCACCAACTACAACCCCTCCCTCAAG...AGTCGAGTCACCATATCAGTAGACACGTCCAAGAACCAGTTCTCCCTGAAGCTGAGCTCTGTGACCGCCGCAGACACGGCCGTGTATTACTGTGCGGCTTATTACTATGGTTCGGGGAGTTATTTTGGACAGGACTTTGACTACTGGGGCCAGGGAACCCTGGTCACCGTCTCCTCAG	Homsap IGHD3-10*01 F	177	470	474	498	508	552	1	315	2	26	4	48	CL	1
seq5D7	GGATTCACCTTCAGTGGCTATGGCATGCACTGGGTCCGCCAGGCTCCAGGCAAGGGGCTGGAGTGGGTGGCAGTTATATCATATGATGGAAGTAATAAATACTATGCAGACTCCGTGAAGGGCCGATTCACCATCTCCAGAGACAATTCCAAGAACACGCTGTATCTGCAAATGAACAGCCTGAGAGCTGAGGACACGGCTGTGTATTACTGTGCGAAAGGTCATAGCAGTGGCTGGTACGGGGATGATGCTTTTGATATCTGGGGCCAAGGGACACTGGTCACCGTCTCCTCAG	TRUE	TGTGCGAAAGGTCATAGCAGTGGCTGGTACGGGGATGATGCTTTTGATATCTGG	IGH	hIGHM	Homsap IGHV3-30*03 F,Homsap IGHV3-30*18 F,Homsap IGHV3-30-5*01 F	Homsap IGHJ3*02 F	54	3	5	..............................................................................GGATTCACCTTC............AGTGGCTATGGCATGCACTGGGTCCGCCAGGCTCCAGGCAAGGGGCTGGAGTGGGTGGCAGTTATATCATATGAT......GGAAGTAATAAATACTATGCAGACTCCGTGAAG...GGCCGATTCACCATCTCCAGAGACAATTCCAAGAACACGCTGTATCTGCAAATGAACAGCCTGAGAGCTGAGGACACGGCTGTGTATTACTGTGCGAAAGGTCATAGCAGTGGCTGGTACGGGGATGATGCTTTTGATATCTGGGGCCAAGGGACACTGGTCACCGTCTCCTCAG	Homsap IGHD6-19*01 F	178	472	476	492	498	547	1	319	5	21	1	50	CL	1
seq5F9	GGATTCACCGTCAGTAGCAACTACATGAGCTGGGTCCGCCAGGCTCCAGGGAAGGGGCTGGAGTGGGTCTCAGTTATTTATAGCGGTGGTAGCACATACTACGCAGACTCCGTGAAGGGCCGATTCACCATCTCCAGAGACAATCCCAAGAACACGCTGTACCTTCAAATGAACAGCCTGAGAGCTGAGGACACGGCTGTGTATTACTGTGCGAGAGTGTGGGGCCGGGGGCCGGACCACTTTGACTACTGGGGCCAGGGAACCCTGGTCACCGTCTCCTCAG	TRUE	TGTGCGAGAGTGTGGGGCCGGGGGCCGGACCACTTTGACTACTGG	IGH	hIGHM	Homsap IGHV3-66*02 F	Homsap IGHJ4*02 F	45	0	11	..............................................................................GGATTCACCGTC............AGTAGCAACTACATGAGCTGGGTCCGCCAGGCTCCAGGGAAGGGGCTGGAGTGGGTCTCAGTTATTTATAGCGGT.........GGTAGCACATACTACGCAGACTCCGTGAAG...GGCCGATTCACCATCTCCAGAGACAATCCCAAGAACACGCTGTACCTTCAAATGAACAGCCTGAGAGCTGAGGACACGGCTGTGTATTACTGTGCGAGAGTGTGGGGCCGGGGGCCGGACCACTTTGACTACTGGGGCCAGGGAACCCTGGTCACCGTCTCCTCAG	Homsap IGHD3-16*01 F	179	469	470	477	489	536	1	318	14	21	1	48	CL	1
seq5H9	GGTTACACCTTTACCAGCTATGGTATCAGCTGGGTGCGACAGGCCCCTGGACAAGGGCTTGAGTGGATGGGATGGATCAGCGCTTACAATGGTAACACAAACTATGCACAGAAGCTCCAGGGCAGAGTCACCATGACCACAGACACGTCCACGAGCACAGCCTACATGGAGCTGAGGAGCCTGAGATCTGACGACACGGCCGTGTATTACTGTGCGAGAGCCTGGGTCAACGTAGTGATGGTAGCTGCCCCTGACTACTGGGGCCAGGGAACCACGGTCACCGTCTCCTCAG	TRUE	TGTGCGAGAGCCTGGGTCAACGTAGTGATGGTAGCTGCCCCTGACTACTGG	IGH	hIGHM	Homsap IGHV1-18*01 F	Homsap IGHJ4*02 F	51	11	3	..............................................................................GGTTACACCTTT............ACCAGCTATGGTATCAGCTGGGTGCGACAGGCCCCTGGACAAGGGCTTGAGTGGATGGGATGGATCAGCGCTTAC......AATGGTAACACAAACTATGCACAGAAGCTCCAG...GGCAGAGTCACCATGACCACAGACACGTCCACGAGCACAGCCTACATGGAGCTGAGGAGCCTGAGATCTGACGACACGGCCGTGTATTACTGTGCGAGAGCCTGGGTCAACGTAGTGATGGTAGCTGCCCCTGACTACTGGGGCCAGGGAACCACGGTCACCGTCTCCTCAG	Homsap IGHD2-15*01 F	177	471	483	499	503	543	1	319	9	25	8	48	CL	1
seq5H11	GGTGGCTCCATCAGTAGTTACTACTGGAGCTGGATCCGGCAGCCCCCAGGGAAGGGACTGGAGTGGATTGGGTATATCTATTACAGTGGGAGCACCAACTACAACCCCTCCCTCAAGAGTCGAGTCACCATATCAGTAGACACGTCCAAGAACCAGTTCTCCCTGAAGCTGAGCTCTGTGATCGCTGCGGACACGGCCGTGTATTACTGTGCGAGAGTGTGGCGGGCANCACCTGGTAGGGAAGGAGCTTTTGATATCTGGGGCCAAGGGACACTGGGNCACCGTCTCCTGA	TRUE	TGTGCGAGAGTGTGGCGGGCANCACCTGGTAGGGAAGGAGCTTTTGATATCTGG	IGH	hIGHM	Homsap IGHV4-59*01 F	Homsap IGHJ3*02 F	54	8	8	..............................................................................GGTGGCTCCATC............AGTAGTTACTACTGGAGCTGGATCCGGCAGCCCCCAGGGAAGGGACTGGAGTGGATTGGGTATATCTATTACAGT.........GGGAGCACCAACTACAACCCCTCCCTCAAG...AGTCGAGTCACCATATCAGTAGACACGTCCAAGAACCAGTTCTCCCTGAAGCTGAGCTCTGTGATCGCTGCGGACACGGCCGTGTATTACTGTGCGAGAGTGTGGCGGGCANCACCTGGTAGGGAAGGAGCTTTTGATATCTGGGGCCAAGGGACACTGGGNCACCGTCTCCTGA	Homsap IGHD6-13*01 F	177	468	477	489	498	543	1	319	8	20	5	50	CL	1
seq6A5	GGATTCACCTTTGATGATTATGCCATGCACTGGGTCCGGCAAGCTCCAGGGAAGGGCCTGGAGTGGGTCTCAGGTATTAGTTGGAATAGTGGTAGCATAGGCTATGCGGACTCTGTGAAGGGCCGATTCACCATCTCCAGAAACAACGCCAAGAACTCCCTGTATCTGCAAATGAACAGTCTGAGAGCTGAGGACACGGCCTTGTATTACTGTGCAAAAGGCGAAGATGCTTTTGATATCTGGGGCCAAGGGGCACTGGTCACCGTCTCCTCAG	TRUE	TGTGCAAAAGGCGAAGATGCTTTTGATATCTGG	IGH	hIGHM	Homsap IGHV3-9*01 F	Homsap IGHJ3*02 F	33	5	0	..............................................................................GGATTCACCTTT............GATGATTATGCCATGCACTGGGTCCGGCAAGCTCCAGGGAAGGGCCTGGAGTGGGTCTCAGGTATTAGTTGGAAT......AGTGGTAGCATAGGCTATGCGGACTCTGTGAAG...GGCCGATTCACCATCTCCAGAAACAACGCCAAGAACTCCCTGTATCTGCAAATGAACAGTCTGAGAGCTGAGGACACGGCCTTGTATTACTGTGCAAAAGGCGAAGATGCTTTTGATATCTGGGGCCAAGGGGCACTGGTCACCGTCTCCTCAG	NA	180	474	480	479	480	528	1	319	1	0	2	50	CL	1
seq6A9	GGATTCACCTTCAGTAGCTATGCTATGCACTGGGTCCGCCAGGCTCCAGGCAAGGGGCTGGAGTGGGTGGCAGTTATATCATATGATGGAAGCAATAAATACTACGCAGACTCCGTGAAGGGCCGATTCACCATCTCCAGAGACAATTCCAAGAACACGCTGTATCTGCAAATGAACAGCCTGAGAGCTGAGGACACGGCTGTGTATTACTGTGCGAGAGATCGTATAGCAGTGGCTGGTAGTTCTGCTTTTGATATCTGGGGCCAAGGGACACTGGTCACCGTCTCCTCAG	TRUE	TGTGCGAGAGATCGTATAGCAGTGGCTGGTAGTTCTGCTTTTGATATCTGG	IGH	hIGHM	Homsap IGHV3-30-3*01 F	Homsap IGHJ3*02 F	51	2	4	..............................................................................GGATTCACCTTC............AGTAGCTATGCTATGCACTGGGTCCGCCAGGCTCCAGGCAAGGGGCTGGAGTGGGTGGCAGTTATATCATATGAT......GGAAGCAATAAATACTACGCAGACTCCGTGAAG...GGCCGATTCACCATCTCCAGAGACAATTCCAAGAACACGCTGTATCTGCAAATGAACAGCCTGAGAGCTGAGGACACGGCTGTGTATTACTGTGCGAGAGATCGTATAGCAGTGGCTGGTAGTTCTGCTTTTGATATCTGGGGCCAAGGGACACTGGTCACCGTCTCCTCAG	Homsap IGHD6-19*01 F	177	472	475	492	497	543	1	320	3	20	4	50	CL	1
seq6A10	GGTGGGTCCTTCAGTGGTTACTACTGGAGCTGGATCCGCCAGCCCCCAGGGAAGGGGCTGGAGTGGATTGGGGAAATCAATCATAGTGGAAGCACCAACTACGACCCGTCCCTCAAGAGTCGAGTCACCATATCAGTAGACACGTCCAAGAACCAGTTCTCCCTGAAGCTGAGCTCTATGACCGCCGCGGACACGGCTGTGTATTACTGTGCGAGATCCTATAGTAGTGTGCCGCGACACGTTTTCCGCCTTGACTACTGGGGCCAGGGAACCCTGGTCACCGTCTCCTCAG	TRUE	TGTGCGAGATCCTATAGTAGTGTGCCGCGACACGTTTTCCGCCTTGACTACTGG	IGH	hIGHM	Homsap IGHV4-34*01 F	Homsap IGHJ4*02 F	54	4	21	..............................................................................GGTGGGTCCTTC............AGTGGTTACTACTGGAGCTGGATCCGCCAGCCCCCAGGGAAGGGGCTGGAGTGGATTGGGGAAATCAATCATAGT.........GGAAGCACCAACTACGACCCGTCCCTCAAG...AGTCGAGTCACCATATCAGTAGACACGTCCAAGAACCAGTTCTCCCTGAAGCTGAGCTCTATGACCGCCGCGGACACGGCTGTGTATTACTGTGCGAGATCCTATAGTAGTGTGCCGCGACACGTTTTCCGCCTTGACTACTGGGGCCAGGGAACCCTGGTCACCGTCTCCTCAG	Homsap IGHD3-22*01 F	176	466	471	479	501	542	1	318	12	20	7	48	CL	1
seq6B1	GGTTACACCTTTACCAGCTATGGTATCAGCTGGGTGCGACAGGCCCCTGGACAAGGGCTTGAGTGGATGGGATGGATCAGCGCTTACAATGGTAACACAAACTATGCACAGAAGCTCCAGGGCAGAGTCACCATGACCACAGACACATCCACGAGCACAGCCTACATGGAGCTGAGGAGCCTGAGATCTGACGACACGGCCGTGTATTACTGTGCGAGGGGCGGCAGTGGCTGGTACTATGACTTCGTAGAACATGACTACTGGGGCCAGGGAACCCTGGTCACCGTCTCCTCAG	TRUE	TGTGCGAGGGGCGGCAGTGGCTGGTACTATGACTTCGTAGAACATGACTACTGG	IGH	hIGHM	Homsap IGHV1-18*01 F	Homsap IGHJ4*02 F	54	5	17	..............................................................................GGTTACACCTTT............ACCAGCTATGGTATCAGCTGGGTGCGACAGGCCCCTGGACAAGGGCTTGAGTGGATGGGATGGATCAGCGCTTAC......AATGGTAACACAAACTATGCACAGAAGCTCCAG...GGCAGAGTCACCATGACCACAGACACATCCACGAGCACAGCCTACATGGAGCTGAGGAGCCTGAGATCTGACGACACGGCCGTGTATTACTGTGCGAGGGGCGGCAGTGGCTGGTACTATGACTTCGTAGAACATGACTACTGGGGCCAGGGAACCCTGGTCACCGTCTCCTCAG	Homsap IGHD6-19*01 F	177	469	475	488	506	546	1	317	8	21	8	48	CL	1
seq6B5	GGTGGCTCCATCGGTAGTTACTACTGGAGCTGGATCCGGCAGCCCCCAGGGAAGGGACTGGAGTGGATTGGGCATATCTATTACAGTGGGAGAACCAACTACAACCCCTCCCTCAAGAGTCGAGTCACCATATCAGTAGACACGTCCAAGAAGCAGTTCTCCCTGAAGCTGAGCTCTGTGACCGCTGCGGACACGGCCTTCTATTACTGTGCGAGAGATCAATCCCCAGTTAGTATTTTGGGAGACTGGTACTTCGATCTCTGGGGCCGTGGCACCCTGGTCACCGTCTCCTCAG	TRUE	TGTGCGAGAGATCAATCCCCAGTTAGTATTTTGGGAGACTGGTACTTCGATCTCTGG	IGH	hIGHM	Homsap IGHV4-59*01 F,Homsap IGHV4-61*01 F	Homsap IGHJ2*01 F	57	11	0	..............................................................................GGTGGCTCCATC............GGTAGTTACTACTGGAGCTGGATCCGGCAGCCCCCAGGGAAGGGACTGGAGTGGATTGGGCATATCTATTACAGT.........GGGAGAACCAACTACAACCCCTCCCTCAAG...AGTCGAGTCACCATATCAGTAGACACGTCCAAGAAGCAGTTCTCCCTGAAGCTGAGCTCTGTGACCGCTGCGGACACGGCCTTCTATTACTGTGCGAGAGATCAATCCCCAGTTAGTATTTTGGGAGACTGGTACTTCGATCTCTGGGGCCGTGGCACCCTGGTCACCGTCTCCTCAG	Homsap IGHD3-3*02 F	176	468	480	494	495	545	1	320	4	18	3	53	CL	1
seq6B8	GGTGGCTCCATCAGCAGTGGTGGTTACTACTGGAGCTGGATCCGCCAGCACCCAGGGAAGGGCCTGGAGTGGATTGGGTACATCTATTACAGTGGGAGCACCTACTACAACCCGTCCCTCAAGAGTCGAGTTACCATATCAGTAGACACGTCTAAGAACCAGTTCTCCCTGAAGCTGAGCTCTGTGACTGCCGCGGACACGGCCGTGTATTACTGTGCGAGGCCAGTGGCTGGTACGTTTGTCCGGTCCTGGTACTTCGATCTCTGGGGCCGTGGCACCACGGTCACCGTCTCCTCAG	TRUE	TGTGCGAGGCCAGTGGCTGGTACGTTTGTCCGGTCCTGGTACTTCGATCTCTGG	IGH	hIGHM	Homsap IGHV4-31*03 F	Homsap IGHJ2*01 F	54	2	12	..............................................................................GGTGGCTCCATCAGC......AGTGGTGGTTACTACTGGAGCTGGATCCGCCAGCACCCAGGGAAGGGCCTGGAGTGGATTGGGTACATCTATTACAGT.........GGGAGCACCTACTACAACCCGTCCCTCAAG...AGTCGAGTTACCATATCAGTAGACACGTCTAAGAACCAGTTCTCCCTGAAGCTGAGCTCTGTGACTGCCGCGGACACGGCCGTGTATTACTGTGCGAGGCCAGTGGCTGGTACGTTTGTCCGGTCCTGGTACTTCGATCTCTGGGGCCGTGGCACCACGGTCACCGTCTCCTCAG	Homsap IGHD6-19*01 F	177	472	475	487	500	549	1	317	9	21	4	53	CL	1
seq6C10	GGTGGCTCCATCAGCAGTAGTAGTTACTACTGGGGCTGGATCCGCCAGCCCCCAGGGAAGGGGCTGGAGTGGATTGGGAGTATCTATTATAGTGGGAGCACCTACTACAACCCGTCCCTCAAGAGTCGAGTTACCATATCCGTAGACACGTCCAAGAACCAGTTCTCCCTGAAGCTGAGCTCTGTGACCGCCGCAGACACGGCTGTGTATTACTGTGCGAGCTTTGAGGATACCCAATTTGGCTGGTACTTCGATCTCTGGGGCCGTGGCACCCTGGTCACCGTCTCCTCAG	TRUE	TGTGCGAGCTTTGAGGATACCCAATTTGGCTGGTACTTCGATCTCTGG	IGH	hIGHM	Homsap IGHV4-39*01 F	Homsap IGHJ2*01 F	48	9	0	..............................................................................GGTGGCTCCATCAGC......AGTAGTAGTTACTACTGGGGCTGGATCCGCCAGCCCCCAGGGAAGGGGCTGGAGTGGATTGGGAGTATCTATTATAGT.........GGGAGCACCTACTACAACCCGTCCCTCAAG...AGTCGAGTTACCATATCCGTAGACACGTCCAAGAACCAGTTCTCCCTGAAGCTGAGCTCTGTGACCGCCGCAGACACGGCTGTGTATTACTGTGCGAGCTTTGAGGATACCCAATTTGGCTGGTACTTCGATCTCTGGGGCCGTGGCACCCTGGTCACCGTCTCCTCAG	Homsap IGHD3-3*01 F	177	472	482	493	494	543	1	317	5	16	4	53	CL	1
seq6D2	GGTGGCTCCATCAGCAGTAGTAGTTTCTACTGGGGCTGGATCCGCCAGCCCCCAGGGAAGGGACTGGAGTGGATTGGGAGTATCTATTATAGTGGGAGCACCTACTACAACCCGTCCCTCAAGAGTCGAGTCACCATATCAGTAGACAGGTCCAAGAACCAGTTCTCCCTGAAGCTGAGCTCTGTGACCGCCGCGGACACGGCCGTGTATTACTGTGCGAGCTCATTTAGGATCAGAGGCGCTTTTGATATCTGGGGCCAAGGGACACTGGTCACCGTCTCCTCAG	TRUE	TGTGCGAGCTCATTTAGGATCAGAGGCGCTTTTGATATCTGG	IGH	hIGHM	Homsap IGHV4-39*07 F	Homsap IGHJ3*02 F	42	5	2	..............................................................................GGTGGCTCCATCAGC......AGTAGTAGTTTCTACTGGGGCTGGATCCGCCAGCCCCCAGGGAAGGGACTGGAGTGGATTGGGAGTATCTATTATAGT.........GGGAGCACCTACTACAACCCGTCCCTCAAG...AGTCGAGTCACCATATCAGTAGACAGGTCCAAGAACCAGTTCTCCCTGAAGCTGAGCTCTGTGACCGCCGCGGACACGGCCGTGTATTACTGTGCGAGCTCATTTAGGATCAGAGGCGCTTTTGATATCTGGGGCCAAGGGACACTGGTCACCGTCTCCTCAG	Homsap IGHD3-22*01 F	180	475	481	492	495	540	1	317	4	15	5	50	CL	1
seq6E10	GGATACAGCTTTACCACCTACTGGATCAGCTGGGTGCGCCAGATGCCCGGGACAGGCCTGGAGTGGATGGGGAGGATTGATCCTAGTGACTCTTATACCAACTACAGCCCGTCCTTCCAAGGCCGCGTCACCATCTCAGCTGACGAGTCCATCAGCACTGCCTACCTGCAGTGGAGCAGCCTGAAGGCCTCGGACACCGCCATGTATTACTGTGCGAGACAAAAAGGATATAACTGGAACGACGTCGAATGGTACTTCGATCTCTGGGGCCGTGGCACCCTGGTCACCGTCTCCTCAG	TRUE	TGTGCGAGACAAAAAGGATATAACTGGAACGACGTCGAATGGTACTTCGATCTCTGG	IGH	hIGHM	Homsap IGHV5-10-1*03 F	Homsap IGHJ2*01 F	57	9	6	..............................................................................GGATACAGCTTT............ACCACCTACTGGATCAGCTGGGTGCGCCAGATGCCCGGGACAGGCCTGGAGTGGATGGGGAGGATTGATCCTAGT......GACTCTTATACCAACTACAGCCCGTCCTTCCAA...GGCCGCGTCACCATCTCAGCTGACGAGTCCATCAGCACTGCCTACCTGCAGTGGAGCAGCCTGAAGGCCTCGGACACCGCCATGTATTACTGTGCGAGACAAAAAGGATATAACTGGAACGACGTCGAATGGTACTTCGATCTCTGGGGCCGTGGCACCCTGGTCACCGTCTCCTCAG	Homsap IGHD1-20*01 F	177	470	480	494	501	549	1	318	3	17	5	53	CL	1
seq6E11	GGTGGCTCCATCAGTAGTTTCTACTGGAGCTGGATCCGGCAGCCCCCCGGGAAGGGACTGGAGTGGATTGGTTATATCTATTACAGTGGAAGCACCAACTACAACCCCTCCCTCAAGAGTCGAGTCACCATATCATTAGACACGTCCAAGAACCACTTCTCCCTGAAGCTGAGCTCTGTGACCGCTGCGGACGCGGCCGTGTATTACTGTGCGAGTTGGACCGACACGTATGATACTAGTGGAAAGGGCGCTTTTGATATCTGGGGCCAAGGGACACTGGTCACCGTCTCCTCAG	TRUE	TGTGCGAGTTGGACCGACACGTATGATACTAGTGGAAAGGGCGCTTTTGATATCTGG	IGH	hIGHM	Homsap IGHV4-59*01 F,Homsap IGHV4-59*03 F,Homsap IGHV4-59*13 F	Homsap IGHJ3*02 F	57	13	7	..............................................................................GGTGGCTCCATC............AGTAGTTTCTACTGGAGCTGGATCCGGCAGCCCCCCGGGAAGGGACTGGAGTGGATTGGTTATATCTATTACAGT.........GGAAGCACCAACTACAACCCCTCCCTCAAG...AGTCGAGTCACCATATCATTAGACACGTCCAAGAACCACTTCTCCCTGAAGCTGAGCTCTGTGACCGCTGCGGACGCGGCCGTGTATTACTGTGCGAGTTGGACCGACACGTATGATACTAGTGGAAAGGGCGCTTTTGATATCTGGGGCCAAGGGACACTGGTCACCGTCTCCTCAG	Homsap IGHD3-22*01 F	180	469	483	496	504	549	1	317	8	21	5	50	CL	1
seq6F2	GGATTCACCTTTAGCAGCAATGCCATGAGCTGGGTCCGCCAGGCTCCAGGGAAGGGGCTGGAGTGGGTCTCAGCTATTAGTGGTAGTGGTGGTAGCACATACTACGCAGACTCCGTGAAGGGCCGGTTCACCATCTCCAGAGACAATTCCAAGAACACGCTGGTTCTGCAAATGAACAGCCTGAGAGCCGAGGACACGGCCGTATATTACTGTGCGAAAGGAACAGCAGCAGCTGATCCAGCAGACTACTGGGGCCAGGGAACCCTGGTCACCGTCTCCTCAG	TRUE	TGTGCGAAAGGAACAGCAGCAGCTGATCCAGCAGACTACTGG	IGH	hIGHM	Homsap IGHV3-23*04 F	Homsap IGHJ4*02 F	42	4	8	..............................................................................GGATTCACCTTT............AGCAGCAATGCCATGAGCTGGGTCCGCCAGGCTCCAGGGAAGGGGCTGGAGTGGGTCTCAGCTATTAGTGGTAGT......GGTGGTAGCACATACTACGCAGACTCCGTGAAG...GGCCGGTTCACCATCTCCAGAGACAATTCCAAGAACACGCTGGTTCTGCAAATGAACAGCCTGAGAGCCGAGGACACGGCCGTATATTACTGTGCGAAAGGAACAGCAGCAGCTGATCCAGCAGACTACTGGGGCCAGGGAACCCTGGTCACCGTCTCCTCAG	Homsap IGHD6-13*01 F	187	481	486	496	505	544	1	319	7	17	9	48	CL	1
