sequence_id	sequence	rev_comp	productive	v_call	d_call	j_call	sequence_alignment	germline_alignment	junction	junction_aa	v_cigar	d_cigar	j_cigar	locus	junction_length	np1_length	np2_length	v_sequence_start	v_sequence_end	d_sequence_start	d_sequence_end	j_sequence_start	j_sequence_end	v_germline_start	v_germline_end	d_germline_start	d_germline_end	j_germline_start	j_germline_end	duplicate_count	repertoire_id	clone_id	isotype	germline_v_call	germline_d_call	germline_j_call	baseline_sigma	baseline_ci_lower	baseline_ci_upper	baseline_ci_pvalue
160304_MN	GGTGGGTCCTTCAGTGGTTACTACTGGAGCTGGATCCGCCAGCCCCCAGGGAAGGGGCTGGAGTGGATTGGGGAAATCAATCATAGTGGAAGTACCAACTACAACCCGTCCCTCAAGAGTCGAGTCACCATATCAGTAGACACGTCCAAGAACCAGTTCTCCCTGAAGCTGAGCTCTATGACCGCCGCGGACACGGCTGTGTATTACTGTGCGAGATCCTATAGTAGTGTGCCGCGACACGTTTTCCGCCTTGACTACTGGGGCCAGGGAACCCTGGTCACCGTCTCCTCAG	NA	TRUE	Homsap IGHV4-34*01 F,Homsap IGHV4-34*02 F	Homsap IGHD3-22*01 F	Homsap IGHJ4*02 F	..............................................................................GGTGGGTCCTTC............AGTGGTTACTACTGGAGCTGGATCCGCCAGCCCCCAGGGAAGGGGCTGGAGTGGATTGGGGAAATCAATCATAGT.........GGAAGTACCAACTACAACCCGTCCCTCAAG...AGTCGAGTCACCATATCAGTAGACACGTCCAAGAACCAGTTCTCCCTGAAGCTGAGCTCTATGACCGCCGCGGACACGGCTGTGTATTACTGTGCGAGATCCTATAGTAGTGTGCCGCGACACGTTTTCCGCCTTGACTACTGGGGCCAGGGAACCCTGGTCACCGTCTCCTCAG	CAGGTGCAGCTACAGCAGTGGGGCGCA...GGACTGTTGAAGCCTTCGGAGACCCTGTCCCTCACCTGCGCTGTCTATGGTGGGTCCTTC............AGTGGTTACTACTGGAGCTGGATCCGCCAGCCCCCAGGGAAGGGGCTGGAGTGGATTGGGGAAATCAATCATAGT.........GGAAGCACCAACTACAACCCGTCCCTCAAG...AGTCGAGTCACCATATCAGTAGACACGTCCAAGAACCAGTTCTCCCTGAAGCTGAGCTCTGTGACCGCCGCGGACACGGCTGTGTATTACTGTGCGAGANNNNATAGTAGTGNNNNNNNNNNNNNNNNNNNNNTTGACTACTGGGGCCAGGGAACCCTGGTCACCGTCTCCTCAG	TGTGCGAGATCCTATAGTAGTGTGCCGCGACACGTTTTCCGCCTTGACTACTGG	NA	NA	NA	NA	IGH	54	4	21	1	243	248	256	278	319	1	318	12	20	7	48	7	MN	1	hIGHG4*04	IGHV4-34*01	IGHD3-22*01	IGHJ4*02	-1.0367246680547597	-3.7149653773098135	1.631535130085349	-0.2039177563611484
159532_MN	GGTGGGTCCTTCAGTGGTTACTACTGGAGCTGGATCCGCCAGCCCCCAGGGAAGGGGCTGGAGTGGATTGGGGAAATCAATCATAGTGGAAGCACCAACTACAACCCGTCCCTCAAGAGTCGAGTCACCATATCAGTAGACACGTCCAAGAACCAGTTCTCCCTGAAGCTGAGCTCTATGACCGCCGCGGACACGGCTGTGTATTACTGTGCGAGATCCTATAGTAGTGTGCCGCGACACGTTTTCCGCCTTGACTACTGGGGCCAGGGAACCCTGGTCACCGTCTCCTCAG	NA	TRUE	Homsap IGHV4-34*01 F,Homsap IGHV4-34*02 F	Homsap IGHD3-22*01 F	Homsap IGHJ4*02 F	..............................................................................GGTGGGTCCTTC............AGTGGTTACTACTGGAGCTGGATCCGCCAGCCCCCAGGGAAGGGGCTGGAGTGGATTGGGGAAATCAATCATAGT.........GGAAGCACCAACTACAACCCGTCCCTCAAG...AGTCGAGTCACCATATCAGTAGACACGTCCAAGAACCAGTTCTCCCTGAAGCTGAGCTCTATGACCGCCGCGGACACGGCTGTGTATTACTGTGCGAGATCCTATAGTAGTGTGCCGCGACACGTTTTCCGCCTTGACTACTGGGGCCAGGGAACCCTGGTCACCGTCTCCTCAG	CAGGTGCAGCTACAGCAGTGGGGCGCA...GGACTGTTGAAGCCTTCGGAGACCCTGTCCCTCACCTGCGCTGTCTATGGTGGGTCCTTC............AGTGGTTACTACTGGAGCTGGATCCGCCAGCCCCCAGGGAAGGGGCTGGAGTGGATTGGGGAAATCAATCATAGT.........GGAAGCACCAACTACAACCCGTCCCTCAAG...AGTCGAGTCACCATATCAGTAGACACGTCCAAGAACCAGTTCTCCCTGAAGCTGAGCTCTGTGACCGCCGCGGACACGGCTGTGTATTACTGTGCGAGANNNNATAGTAGTGNNNNNNNNNNNNNNNNNNNNNTTGACTACTGGGGCCAGGGAACCCTGGTCACCGTCTCCTCAG	TGTGCGAGATCCTATAGTAGTGTGCCGCGACACGTTTTCCGCCTTGACTACTGG	NA	NA	NA	NA	IGH	54	4	21	1	243	248	256	278	319	1	318	12	20	7	48	88	MN	1	hIGHG4*04	IGHV4-34*01	IGHD3-22*01	IGHJ4*02	1.4139212108661048	-2.7837381108990606	8.419765598968597	0.33350021321173423
159529_MN	GGTGGGTCCTTCAGTGGTTACTACTGGAGCTGGATCCGCCAGCCCCCAGGGAAGGGGCTGGAGTGGATTGGGGAAATCAATCATAGTGGAAGCACCAACTACAACCCGTCCCTCAAGAGTCGAGTCACCATATCAGTAGACACGTCCAAGAACCAGTTCTCCCTGAAGCTGAGCTCTATGACCGCCGCGGACACGGCTGTGTATTACTGTGCGAGATCCTATAGTAGTGTGCCGCGACACGTTTTCCGCCTTGACTACTGGGGCCAGGGAACCCTGGTCACCGTCTCCTCAG	NA	TRUE	Homsap IGHV4-34*01 F,Homsap IGHV4-34*02 F	Homsap IGHD3-22*01 F	Homsap IGHJ4*02 F	..............................................................................GGTGGGTCCTTC............AGTGGTTACTACTGGAGCTGGATCCGCCAGCCCCCAGGGAAGGGGCTGGAGTGGATTGGGGAAATCAATCATAGT.........GGAAGCACCAACTACAACCCGTCCCTCAAG...AGTCGAGTCACCATATCAGTAGACACGTCCAAGAACCAGTTCTCCCTGAAGCTGAGCTCTATGACCGCCGCGGACACGGCTGTGTATTACTGTGCGAGATCCTATAGTAGTGTGCCGCGACACGTTTTCCGCCTTGACTACTGGGGCCAGGGAACCCTGGTCACCGTCTCCTCAG	CAGGTGCAGCTACAGCAGTGGGGCGCA...GGACTGTTGAAGCCTTCGGAGACCCTGTCCCTCACCTGCGCTGTCTATGGTGGGTCCTTC............AGTGGTTACTACTGGAGCTGGATCCGCCAGCCCCCAGGGAAGGGGCTGGAGTGGATTGGGGAAATCAATCATAGT.........GGAAGCACCAACTACAACCCGTCCCTCAAG...AGTCGAGTCACCATATCAGTAGACACGTCCAAGAACCAGTTCTCCCTGAAGCTGAGCTCTGTGACCGCCGCGGACACGGCTGTGTATTACTGTGCGAGANNNNATAGTAGTGNNNNNNNNNNNNNNNNNNNNNTTGACTACTGGGGCCAGGGAACCCTGGTCACCGTCTCCTCAG	TGTGCGAGATCCTATAGTAGTGTGCCGCGACACGTTTTCCGCCTTGACTACTGG	NA	NA	NA	NA	IGH	54	4	21	1	243	248	256	278	319	1	318	12	20	7	48	82	MN	1	hIGHG4*01	IGHV4-34*01	IGHD3-22*01	IGHJ4*02	1.4139212108661048	-2.7837381108990606	8.419765598968597	0.33350021321173423
159527_MN	GGTGGGTCCTTCAGTGGTTACTACTGGAGCTGGATCCGCCAGCCCCCAGGGAAGGGGCTGGAGTGGATTGGGGAAATCAATCATAGTGGAAGCACCAACTACAACCCGTCCCTCAAGAGTCGAGTCACCATATCAGTAGACACGTCCAAGAACCAGTTCTCCCTGAAGCTGAGCTCTATGACCGCCGCGGACACGGCTGTGTATTACTGTGCGAGATCCTATAGTAGTGTGCCGCGACACGTTTTCCGCCTTGACTACTGGGGCCAGGGAACCCTGGTCACCGTCTCCTCAG	NA	TRUE	Homsap IGHV4-34*01 F,Homsap IGHV4-34*02 F	Homsap IGHD3-22*01 F	Homsap IGHJ4*02 F	..............................................................................GGTGGGTCCTTC............AGTGGTTACTACTGGAGCTGGATCCGCCAGCCCCCAGGGAAGGGGCTGGAGTGGATTGGGGAAATCAATCATAGT.........GGAAGCACCAACTACAACCCGTCCCTCAAG...AGTCGAGTCACCATATCAGTAGACACGTCCAAGAACCAGTTCTCCCTGAAGCTGAGCTCTATGACCGCCGCGGACACGGCTGTGTATTACTGTGCGAGATCCTATAGTAGTGTGCCGCGACACGTTTTCCGCCTTGACTACTGGGGCCAGGGAACCCTGGTCACCGTCTCCTCAG	CAGGTGCAGCTACAGCAGTGGGGCGCA...GGACTGTTGAAGCCTTCGGAGACCCTGTCCCTCACCTGCGCTGTCTATGGTGGGTCCTTC............AGTGGTTACTACTGGAGCTGGATCCGCCAGCCCCCAGGGAAGGGGCTGGAGTGGATTGGGGAAATCAATCATAGT.........GGAAGCACCAACTACAACCCGTCCCTCAAG...AGTCGAGTCACCATATCAGTAGACACGTCCAAGAACCAGTTCTCCCTGAAGCTGAGCTCTGTGACCGCCGCGGACACGGCTGTGTATTACTGTGCGAGANNNNATAGTAGTGNNNNNNNNNNNNNNNNNNNNNTTGACTACTGGGGCCAGGGAACCCTGGTCACCGTCTCCTCAG	TGTGCGAGATCCTATAGTAGTGTGCCGCGACACGTTTTCCGCCTTGACTACTGG	NA	NA	NA	NA	IGH	54	4	21	1	243	248	256	278	319	1	318	12	20	7	48	99	MN	1	hIGHG1*03	IGHV4-34*01	IGHD3-22*01	IGHJ4*02	1.4139212108661048	-2.7837381108990606	8.419765598968597	0.33350021321173423
155134_MN	GGTGGGTCCTTCAGTGGTTACTACTGGAGCCGGATCCGCCAGCCCCCAGGGAAGGGGCTGGAGTGGATTGGGGAAATCAATCATAGTGGAAGCACCAACTACAACCCGTCCCTCAAGAGTCGAGTCACCATATCAGTAGACACGTCCAAGAACCAGTTCTCCCTGAAGCTGAGCTCTATGACCGCCGCGGACACGGCTGTGTATTACTGTGCGAGATCCTATAGTAGTGTGCCGCGACACGTTTTCCGCCTTGACTACTGGGGCCAGGGAACCCTGGTCACCGTCTCCTCAG	NA	TRUE	Homsap IGHV4-34*01 F,Homsap IGHV4-34*02 F	Homsap IGHD3-22*01 F	Homsap IGHJ4*02 F	..............................................................................GGTGGGTCCTTC............AGTGGTTACTACTGGAGCCGGATCCGCCAGCCCCCAGGGAAGGGGCTGGAGTGGATTGGGGAAATCAATCATAGT.........GGAAGCACCAACTACAACCCGTCCCTCAAG...AGTCGAGTCACCATATCAGTAGACACGTCCAAGAACCAGTTCTCCCTGAAGCTGAGCTCTATGACCGCCGCGGACACGGCTGTGTATTACTGTGCGAGATCCTATAGTAGTGTGCCGCGACACGTTTTCCGCCTTGACTACTGGGGCCAGGGAACCCTGGTCACCGTCTCCTCAG	CAGGTGCAGCTACAGCAGTGGGGCGCA...GGACTGTTGAAGCCTTCGGAGACCCTGTCCCTCACCTGCGCTGTCTATGGTGGGTCCTTC............AGTGGTTACTACTGGAGCTGGATCCGCCAGCCCCCAGGGAAGGGGCTGGAGTGGATTGGGGAAATCAATCATAGT.........GGAAGCACCAACTACAACCCGTCCCTCAAG...AGTCGAGTCACCATATCAGTAGACACGTCCAAGAACCAGTTCTCCCTGAAGCTGAGCTCTGTGACCGCCGCGGACACGGCTGTGTATTACTGTGCGAGANNNNATAGTAGTGNNNNNNNNNNNNNNNNNNNNNTTGACTACTGGGGCCAGGGAACCCTGGTCACCGTCTCCTCAG	TGTGCGAGATCCTATAGTAGTGTGCCGCGACACGTTTTCCGCCTTGACTACTGG	NA	NA	NA	NA	IGH	54	4	21	1	243	248	256	278	319	1	318	12	20	7	48	21	MN	1	hIGHG4*04	IGHV4-34*01	IGHD3-22*01	IGHJ4*02	1.4117282904643	-1.7733438473216954	6.6790289306593245	0.26089749790926164
155133_MN	GGTGGGTCCTTCAGTGGTTACTACTGGAGCCGGATCCGCCAGCCCCCAGGGAAGGGGCTGGAGTGGATTGGGGAAATCAATCATAGTGGAAGCACCAACTACAACCCGTCCCTCAAGAGTCGAGTCACCATATCAGTAGACACGTCCAAGAACCAGTTCTCCCTGAAGCTGAGCTCTATGACCGCCGCGGACACGGCTGTGTATTACTGTGCGAGATCCTATAGTAGTGTGCCGCGACACGTTTTCCGCCTTGACTACTGGGGCCAGGGAACCCTGGTCACCGTCTCCTCAG	NA	TRUE	Homsap IGHV4-34*01 F,Homsap IGHV4-34*02 F	Homsap IGHD3-22*01 F	Homsap IGHJ4*02 F	..............................................................................GGTGGGTCCTTC............AGTGGTTACTACTGGAGCCGGATCCGCCAGCCCCCAGGGAAGGGGCTGGAGTGGATTGGGGAAATCAATCATAGT.........GGAAGCACCAACTACAACCCGTCCCTCAAG...AGTCGAGTCACCATATCAGTAGACACGTCCAAGAACCAGTTCTCCCTGAAGCTGAGCTCTATGACCGCCGCGGACACGGCTGTGTATTACTGTGCGAGATCCTATAGTAGTGTGCCGCGACACGTTTTCCGCCTTGACTACTGGGGCCAGGGAACCCTGGTCACCGTCTCCTCAG	CAGGTGCAGCTACAGCAGTGGGGCGCA...GGACTGTTGAAGCCTTCGGAGACCCTGTCCCTCACCTGCGCTGTCTATGGTGGGTCCTTC............AGTGGTTACTACTGGAGCTGGATCCGCCAGCCCCCAGGGAAGGGGCTGGAGTGGATTGGGGAAATCAATCATAGT.........GGAAGCACCAACTACAACCCGTCCCTCAAG...AGTCGAGTCACCATATCAGTAGACACGTCCAAGAACCAGTTCTCCCTGAAGCTGAGCTCTGTGACCGCCGCGGACACGGCTGTGTATTACTGTGCGAGANNNNATAGTAGTGNNNNNNNNNNNNNNNNNNNNNTTGACTACTGGGGCCAGGGAACCCTGGTCACCGTCTCCTCAG	TGTGCGAGATCCTATAGTAGTGTGCCGCGACACGTTTTCCGCCTTGACTACTGG	NA	NA	NA	NA	IGH	54	4	21	1	243	248	256	278	319	1	318	12	20	7	48	20	MN	1	hIGHG4*01	IGHV4-34*01	IGHD3-22*01	IGHJ4*02	1.4117282904643	-1.7733438473216954	6.6790289306593245	0.26089749790926164
155131_MN	GGTGGGTCCTTCAGTGGTTACTACTGGAGCCGGATCCGCCAGCCCCCAGGGAAGGGGCTGGAGTGGATTGGGGAAATCAATCATAGTGGAAGCACCAACTACAACCCGTCCCTCAAGAGTCGAGTCACCATATCAGTAGACACGTCCAAGAACCAGTTCTCCCTGAAGCTGAGCTCTATGACCGCCGCGGACACGGCTGTGTATTACTGTGCGAGATCCTATAGTAGTGTGCCGCGACACGTTTTCCGCCTTGACTACTGGGGCCAGGGAACCCTGGTCACCGTCTCCTCAG	NA	TRUE	Homsap IGHV4-34*01 F,Homsap IGHV4-34*02 F	Homsap IGHD3-22*01 F	Homsap IGHJ4*02 F	..............................................................................GGTGGGTCCTTC............AGTGGTTACTACTGGAGCCGGATCCGCCAGCCCCCAGGGAAGGGGCTGGAGTGGATTGGGGAAATCAATCATAGT.........GGAAGCACCAACTACAACCCGTCCCTCAAG...AGTCGAGTCACCATATCAGTAGACACGTCCAAGAACCAGTTCTCCCTGAAGCTGAGCTCTATGACCGCCGCGGACACGGCTGTGTATTACTGTGCGAGATCCTATAGTAGTGTGCCGCGACACGTTTTCCGCCTTGACTACTGGGGCCAGGGAACCCTGGTCACCGTCTCCTCAG	CAGGTGCAGCTACAGCAGTGGGGCGCA...GGACTGTTGAAGCCTTCGGAGACCCTGTCCCTCACCTGCGCTGTCTATGGTGGGTCCTTC............AGTGGTTACTACTGGAGCTGGATCCGCCAGCCCCCAGGGAAGGGGCTGGAGTGGATTGGGGAAATCAATCATAGT.........GGAAGCACCAACTACAACCCGTCCCTCAAG...AGTCGAGTCACCATATCAGTAGACACGTCCAAGAACCAGTTCTCCCTGAAGCTGAGCTCTGTGACCGCCGCGGACACGGCTGTGTATTACTGTGCGAGANNNNATAGTAGTGNNNNNNNNNNNNNNNNNNNNNTTGACTACTGGGGCCAGGGAACCCTGGTCACCGTCTCCTCAG	TGTGCGAGATCCTATAGTAGTGTGCCGCGACACGTTTTCCGCCTTGACTACTGG	NA	NA	NA	NA	IGH	54	4	21	1	243	248	256	278	319	1	318	12	20	7	48	21	MN	1	hIGHG1*03	IGHV4-34*01	IGHD3-22*01	IGHJ4*02	1.4117282904643	-1.7733438473216954	6.6790289306593245	0.26089749790926164
SCID0031B5	GGTGGGTCCTTCAGTGGTTACTACTGGAGCTGGATCCGCCAGCCCCCAGGGAAGGGGCTGGAGTGGATTGGGGAAATCAATCATAGTGGAAGCACCAACTACGACCCGTCCCTCAAGAGTCGAGTCACCATATCAGTAGACACGTCCAAGAACCAGTTCTCCCTGAAGCTGAGCTCTATGACCGCCGCGGACACGGCTGTGTATTACTGTGCGAGATCCTATAGTAGTGTGCCGCGACACGTTTTCCGCCTTGACTACTGGGGCCAGGGAACCCTGGTCACCGTCTCCTCAG	NA	TRUE	Homsap IGHV4-34*01 F	Homsap IGHD3-22*01 F	Homsap IGHJ4*02 F	..............................................................................GGTGGGTCCTTC............AGTGGTTACTACTGGAGCTGGATCCGCCAGCCCCCAGGGAAGGGGCTGGAGTGGATTGGGGAAATCAATCATAGT.........GGAAGCACCAACTACGACCCGTCCCTCAAG...AGTCGAGTCACCATATCAGTAGACACGTCCAAGAACCAGTTCTCCCTGAAGCTGAGCTCTATGACCGCCGCGGACACGGCTGTGTATTACTGTGCGAGATCCTATAGTAGTGTGCCGCGACACGTTTTCCGCCTTGACTACTGGGGCCAGGGAACCCTGGTCACCGTCTCCTCAG	CAGGTGCAGCTACAGCAGTGGGGCGCA...GGACTGTTGAAGCCTTCGGAGACCCTGTCCCTCACCTGCGCTGTCTATGGTGGGTCCTTC............AGTGGTTACTACTGGAGCTGGATCCGCCAGCCCCCAGGGAAGGGGCTGGAGTGGATTGGGGAAATCAATCATAGT.........GGAAGCACCAACTACAACCCGTCCCTCAAG...AGTCGAGTCACCATATCAGTAGACACGTCCAAGAACCAGTTCTCCCTGAAGCTGAGCTCTGTGACCGCCGCGGACACGGCTGTGTATTACTGTGCGAGANNNNATAGTAGTGNNNNNNNNNNNNNNNNNNNNNTTGACTACTGGGGCCAGGGAACCCTGGTCACCGTCTCCTCAG	TGTGCGAGATCCTATAGTAGTGTGCCGCGACACGTTTTCCGCCTTGACTACTGG	NA	NA	NA	NA	IGH	54	4	21	176	466	471	479	501	542	1	318	12	20	7	48	1	CL	120	hIGHM	IGHV4-34*01	IGHD3-22*01	IGHJ4*02	1.4117282904643	-1.7733438473216954	6.6790289306593245	0.26089749790926164
287044_MB	GGTGGGTCCTTCAGTGGTTACTACTGGAGCTGGATCCGCCAGCCCCCAGGGAAGGGGCTGGAGTGGATTGGGGAAATCAATCATAGTGGAAGCACCAACTACAACCCGTCCCTCAAGAGTCGAGTCACCATATCAGTAGACACGTCCAAGAACCAGTTCTCCCTGAAGCTGAGCTCTATGACCGCCGCGGACACGGCTGTGTATTACTGTGCGAGATCCTATAGTAGTGTGCCGCGACACGTTTTCCGCCTTGACTACTGGGGCCAGGGAACCCTGGTCACCGTCTCCTCAG	NA	TRUE	Homsap IGHV4-34*01 F,Homsap IGHV4-34*02 F	Homsap IGHD3-22*01 F	Homsap IGHJ4*02 F	..............................................................................GGTGGGTCCTTC............AGTGGTTACTACTGGAGCTGGATCCGCCAGCCCCCAGGGAAGGGGCTGGAGTGGATTGGGGAAATCAATCATAGT.........GGAAGCACCAACTACAACCCGTCCCTCAAG...AGTCGAGTCACCATATCAGTAGACACGTCCAAGAACCAGTTCTCCCTGAAGCTGAGCTCTATGACCGCCGCGGACACGGCTGTGTATTACTGTGCGAGATCCTATAGTAGTGTGCCGCGACACGTTTTCCGCCTTGACTACTGGGGCCAGGGAACCCTGGTCACCGTCTCCTCAG	CAGGTGCAGCTACAGCAGTGGGGCGCA...GGACTGTTGAAGCCTTCGGAGACCCTGTCCCTCACCTGCGCTGTCTATGGTGGGTCCTTC............AGTGGTTACTACTGGAGCTGGATCCGCCAGCCCCCAGGGAAGGGGCTGGAGTGGATTGGGGAAATCAATCATAGT.........GGAAGCACCAACTACAACCCGTCCCTCAAG...AGTCGAGTCACCATATCAGTAGACACGTCCAAGAACCAGTTCTCCCTGAAGCTGAGCTCTGTGACCGCCGCGGACACGGCTGTGTATTACTGTGCGAGANNNNATAGTAGTGNNNNNNNNNNNNNNNNNNNNNTTGACTACTGGGGCCAGGGAACCCTGGTCACCGTCTCCTCAG	TGTGCGAGATCCTATAGTAGTGTGCCGCGACACGTTTTCCGCCTTGACTACTGG	NA	NA	NA	NA	IGH	54	4	21	1	243	248	256	278	319	1	318	12	20	7	48	10	MB	16	hIGHM*03	IGHV4-34*01	IGHD3-22*01	IGHJ4*02	1.4139212108661048	-2.7837381108990606	8.419765598968597	0.33350021321173423
287043_MB	GGTGGGTCCTTCAGTGGTTACTACTGGAGCTGGATCCGCCAGCCCCCAGGGAAGGGGCTGGAGTGGATTGGGGAAATCAATCATAGTGGAAGCACCAACTACAACCCGTCCCTCAAGAGTCGAGTCACCATATCAGTAGACACGTCCAAGAACCAGTTCTCCCTGAAGCTGAGCTCTATGACCGCCGCGGACACGGCTGTGTATTACTGTGCGAGATCCTATAGTAGTGTGCCGCGACACGTTTTCCGCCTTGACTACTGGGGCCAGGGAACCCTGGTCACCGTCTCCTCAG	NA	TRUE	Homsap IGHV4-34*01 F,Homsap IGHV4-34*02 F	Homsap IGHD3-22*01 F	Homsap IGHJ4*02 F	..............................................................................GGTGGGTCCTTC............AGTGGTTACTACTGGAGCTGGATCCGCCAGCCCCCAGGGAAGGGGCTGGAGTGGATTGGGGAAATCAATCATAGT.........GGAAGCACCAACTACAACCCGTCCCTCAAG...AGTCGAGTCACCATATCAGTAGACACGTCCAAGAACCAGTTCTCCCTGAAGCTGAGCTCTATGACCGCCGCGGACACGGCTGTGTATTACTGTGCGAGATCCTATAGTAGTGTGCCGCGACACGTTTTCCGCCTTGACTACTGGGGCCAGGGAACCCTGGTCACCGTCTCCTCAG	CAGGTGCAGCTACAGCAGTGGGGCGCA...GGACTGTTGAAGCCTTCGGAGACCCTGTCCCTCACCTGCGCTGTCTATGGTGGGTCCTTC............AGTGGTTACTACTGGAGCTGGATCCGCCAGCCCCCAGGGAAGGGGCTGGAGTGGATTGGGGAAATCAATCATAGT.........GGAAGCACCAACTACAACCCGTCCCTCAAG...AGTCGAGTCACCATATCAGTAGACACGTCCAAGAACCAGTTCTCCCTGAAGCTGAGCTCTGTGACCGCCGCGGACACGGCTGTGTATTACTGTGCGAGANNNNATAGTAGTGNNNNNNNNNNNNNNNNNNNNNTTGACTACTGGGGCCAGGGAACCCTGGTCACCGTCTCCTCAG	TGTGCGAGATCCTATAGTAGTGTGCCGCGACACGTTTTCCGCCTTGACTACTGG	NA	NA	NA	NA	IGH	54	4	21	1	243	248	256	278	319	1	318	12	20	7	48	66	MB	16	hIGHG4*04	IGHV4-34*01	IGHD3-22*01	IGHJ4*02	1.4139212108661048	-2.7837381108990606	8.419765598968597	0.33350021321173423
287040_MB	GGTGGGTCCTTCAGTGGTTACTACTGGAGCTGGATCCGCCAGCCCCCAGGGAAGGGGCTGGAGTGGATTGGGGAAATCAATCATAGTGGAAGCACCAACTACAACCCGTCCCTCAAGAGTCGAGTCACCATATCAGTAGACACGTCCAAGAACCAGTTCTCCCTGAAGCTGAGCTCTATGACCGCCGCGGACACGGCTGTGTATTACTGTGCGAGATCCTATAGTAGTGTGCCGCGACACGTTTTCCGCCTTGACTACTGGGGCCAGGGAACCCTGGTCACCGTCTCCTCAG	NA	TRUE	Homsap IGHV4-34*01 F,Homsap IGHV4-34*02 F	Homsap IGHD3-22*01 F	Homsap IGHJ4*02 F	..............................................................................GGTGGGTCCTTC............AGTGGTTACTACTGGAGCTGGATCCGCCAGCCCCCAGGGAAGGGGCTGGAGTGGATTGGGGAAATCAATCATAGT.........GGAAGCACCAACTACAACCCGTCCCTCAAG...AGTCGAGTCACCATATCAGTAGACACGTCCAAGAACCAGTTCTCCCTGAAGCTGAGCTCTATGACCGCCGCGGACACGGCTGTGTATTACTGTGCGAGATCCTATAGTAGTGTGCCGCGACACGTTTTCCGCCTTGACTACTGGGGCCAGGGAACCCTGGTCACCGTCTCCTCAG	CAGGTGCAGCTACAGCAGTGGGGCGCA...GGACTGTTGAAGCCTTCGGAGACCCTGTCCCTCACCTGCGCTGTCTATGGTGGGTCCTTC............AGTGGTTACTACTGGAGCTGGATCCGCCAGCCCCCAGGGAAGGGGCTGGAGTGGATTGGGGAAATCAATCATAGT.........GGAAGCACCAACTACAACCCGTCCCTCAAG...AGTCGAGTCACCATATCAGTAGACACGTCCAAGAACCAGTTCTCCCTGAAGCTGAGCTCTGTGACCGCCGCGGACACGGCTGTGTATTACTGTGCGAGANNNNATAGTAGTGNNNNNNNNNNNNNNNNNNNNNTTGACTACTGGGGCCAGGGAACCCTGGTCACCGTCTCCTCAG	TGTGCGAGATCCTATAGTAGTGTGCCGCGACACGTTTTCCGCCTTGACTACTGG	NA	NA	NA	NA	IGH	54	4	21	1	243	248	256	278	319	1	318	12	20	7	48	45	MB	16	hIGHG4*01	IGHV4-34*01	IGHD3-22*01	IGHJ4*02	1.4139212108661048	-2.7837381108990606	8.419765598968597	0.33350021321173423
287038_MB	GGTGGGTCCTTCAGTGGTTACTACTGGAGCTGGATCCGCCAGCCCCCAGGGAAGGGGCTGGAGTGGATTGGGGAAATCAATCATAGTGGAAGCACCAACTACAACCCGTCCCTCAAGAGTCGAGTCACCATATCAGTAGACACGTCCAAGAACCAGTTCTCCCTGAAGCTGAGCTCTATGACCGCCGCGGACACGGCTGTGTATTACTGTGCGAGATCCTATAGTAGTGTGCCGCGACACGTTTTCCGCCTTGACTACTGGGGCCAGGGAACCCTGGTCACCGTCTCCTCAG	NA	TRUE	Homsap IGHV4-34*01 F,Homsap IGHV4-34*02 F	Homsap IGHD3-22*01 F	Homsap IGHJ4*02 F	..............................................................................GGTGGGTCCTTC............AGTGGTTACTACTGGAGCTGGATCCGCCAGCCCCCAGGGAAGGGGCTGGAGTGGATTGGGGAAATCAATCATAGT.........GGAAGCACCAACTACAACCCGTCCCTCAAG...AGTCGAGTCACCATATCAGTAGACACGTCCAAGAACCAGTTCTCCCTGAAGCTGAGCTCTATGACCGCCGCGGACACGGCTGTGTATTACTGTGCGAGATCCTATAGTAGTGTGCCGCGACACGTTTTCCGCCTTGACTACTGGGGCCAGGGAACCCTGGTCACCGTCTCCTCAG	CAGGTGCAGCTACAGCAGTGGGGCGCA...GGACTGTTGAAGCCTTCGGAGACCCTGTCCCTCACCTGCGCTGTCTATGGTGGGTCCTTC............AGTGGTTACTACTGGAGCTGGATCCGCCAGCCCCCAGGGAAGGGGCTGGAGTGGATTGGGGAAATCAATCATAGT.........GGAAGCACCAACTACAACCCGTCCCTCAAG...AGTCGAGTCACCATATCAGTAGACACGTCCAAGAACCAGTTCTCCCTGAAGCTGAGCTCTGTGACCGCCGCGGACACGGCTGTGTATTACTGTGCGAGANNNNATAGTAGTGNNNNNNNNNNNNNNNNNNNNNTTGACTACTGGGGCCAGGGAACCCTGGTCACCGTCTCCTCAG	TGTGCGAGATCCTATAGTAGTGTGCCGCGACACGTTTTCCGCCTTGACTACTGG	NA	NA	NA	NA	IGH	54	4	21	1	243	248	256	278	319	1	318	12	20	7	48	50	MB	16	hIGHG1*03	IGHV4-34*01	IGHD3-22*01	IGHJ4*02	1.4139212108661048	-2.7837381108990606	8.419765598968597	0.33350021321173423
